,objective,constraint_volume
0,0.005853196939862592,-5.777018060038053e-07
1,0.005853076691993036,-5.777018060038053e-07
2,0.005851868042505915,-5.777018060038053e-07
