,objective,constraint_volume
0,0.03390060523086979,-0.004821724201008182
1,0.033847822896204006,-0.004821724201008182
2,0.033300013763179474,-0.004821724201008182
3,0.027562319591130452,-0.004821724201008182
4,0.014715421999633067,-0.004821724201008182
5,0.012794866367368367,-0.004821724201008182
6,0.008482361577028637,-0.004821724201008182
7,0.004113935090377306,-0.004821724201008182
8,0.002640582133574745,-0.004821724201008182
9,0.0018677164261354181,-0.004821724201008182
